NO,NAMA ,TELEPON
1,pemadam,113
2,polisi,114
3,satpam,115
4,satpolpp,116
6,bnpb,118
7,pmi,119
6,bnpb,118
7,pmi,119
6,bnpb,118
7,pmi,119
6,bnpb,118
7,pmi,119
6,bnpb,118
7,pmi,119
6,bnpb,118
7,pmi,119
6,bnpb,118
7,pmi,119
6,bnpb,118
7,pmi,119
6,bnpb,118
7,pmi,119
6,bnpb,118
7,pmi,119
6,bnpb,118
7,pmi,119
6,bnpb,118
7,pmi,119
6,bnpb,118
7,pmi,119
6,bnpb,118
7,pmi,119
6,bnpb,118
7,pmi,119
6,bnpb,118
7,pmi,119
6,bnpb,118
7,pmi,119
6,bnpb,118
7,pmi,119
6,bnpb,118
7,pmi,119
6,bnpb,118
7,pmi,119
